{"cameraMode":{"drawMode":0,"name":"Shaded","section":"Shading Mode"},"sceneLighting":true,"audioPlay":false,"sceneViewState":{"showFog":true,"showMaterialUpdate":false,"showSkybox":true,"showFlares":true,"showImageEffects":true,"showParticleSystems":true},"in2DMode":false,"pivot":{"x":432.59527587890627,"y":29.670568466186525,"z":681.0975952148438},"rotation":{"x":0.008438332006335259,"y":0.9850725531578064,"z":-0.16434134542942048,"w":0.05057957023382187},"size":0.21777397394180299,"orthographic":false}