{"cameraMode":{"drawMode":0,"name":"Shaded","section":"Shading Mode"},"sceneLighting":true,"audioPlay":false,"sceneViewState":{"showFog":true,"showMaterialUpdate":false,"showSkybox":true,"showFlares":true,"showImageEffects":true,"showParticleSystems":true},"in2DMode":false,"pivot":{"x":263.6220397949219,"y":-43.76006317138672,"z":557.664794921875},"rotation":{"x":-0.4468122720718384,"y":-0.07576990872621536,"z":0.03801371902227402,"w":-0.8906111717224121},"size":222.9201202392578,"orthographic":false}