{"cameraMode":{"drawMode":0,"name":"Shaded","section":"Shading Mode"},"sceneLighting":true,"audioPlay":false,"sceneViewState":{"showFog":true,"showMaterialUpdate":false,"showSkybox":true,"showFlares":true,"showImageEffects":true,"showParticleSystems":true},"in2DMode":false,"pivot":{"x":450.39373779296877,"y":285.1937561035156,"z":0.0},"rotation":{"x":0.1846160739660263,"y":-0.01601421646773815,"z":0.0031065023504197599,"w":0.9827190041542053},"size":17.52564239501953,"orthographic":false}