{"cameraMode":{"drawMode":0,"name":"Shaded","section":"Shading Mode"},"sceneLighting":true,"audioPlay":false,"sceneViewState":{"showFog":true,"showMaterialUpdate":false,"showSkybox":true,"showFlares":true,"showImageEffects":true,"showParticleSystems":true},"in2DMode":false,"pivot":{"x":95.3667984008789,"y":-189.76007080078126,"z":487.04644775390627},"rotation":{"x":-0.21149325370788575,"y":0.043081287294626239,"z":-0.009345225989818573,"w":-0.9763973951339722},"size":485.2288513183594,"orthographic":false}