{"cameraMode":{"drawMode":0,"name":"Shaded","section":"Shading Mode"},"sceneLighting":true,"audioPlay":false,"sceneViewState":{"showFog":true,"showMaterialUpdate":false,"showSkybox":true,"showFlares":true,"showImageEffects":true,"showParticleSystems":true},"in2DMode":false,"pivot":{"x":134.75682067871095,"y":5.239936828613281,"z":239.64405822753907},"rotation":{"x":-0.13878265023231507,"y":0.6748783588409424,"z":-0.13141725957393647,"w":-0.7127732634544373},"size":6.641757488250732,"orthographic":false}