{"cameraMode":{"drawMode":0,"name":"Shaded","section":"Shading Mode"},"sceneLighting":true,"audioPlay":false,"sceneViewState":{"showFog":true,"showMaterialUpdate":false,"showSkybox":true,"showFlares":true,"showImageEffects":true,"showParticleSystems":true},"in2DMode":false,"pivot":{"x":615.4866943359375,"y":-209.90594482421876,"z":359.4996032714844},"rotation":{"x":-0.44920098781585696,"y":-0.22478315234184266,"z":0.11820867657661438,"w":-0.8567089438438416},"size":1417.2408447265625,"orthographic":false}