{"cameraMode":{"drawMode":0,"name":"Shaded","section":"Shading Mode"},"sceneLighting":true,"audioPlay":false,"sceneViewState":{"showFog":true,"showMaterialUpdate":false,"showSkybox":true,"showFlares":true,"showImageEffects":true,"showParticleSystems":true},"in2DMode":false,"pivot":{"x":28.465255737304689,"y":-444.69903564453127,"z":1708.92919921875},"rotation":{"x":-0.2257048636674881,"y":0.05253782868385315,"z":-0.012206600047647953,"w":-0.97272127866745},"size":1499.935546875,"orthographic":false}