{"cameraMode":{"drawMode":0,"name":"Shaded","section":"Shading Mode"},"sceneLighting":true,"audioPlay":false,"sceneViewState":{"showFog":true,"showMaterialUpdate":false,"showSkybox":true,"showFlares":true,"showImageEffects":true,"showParticleSystems":true},"in2DMode":false,"pivot":{"x":761.314208984375,"y":391.4852294921875,"z":-16.18548583984375},"rotation":{"x":-0.5058643221855164,"y":-0.00698006572201848,"z":0.00409698486328125,"w":-0.862592339515686},"size":1054.45703125,"orthographic":false}