{"cameraMode":{"drawMode":0,"name":"Shaded","section":"Shading Mode"},"sceneLighting":true,"audioPlay":false,"sceneViewState":{"showFog":true,"showMaterialUpdate":false,"showSkybox":true,"showFlares":true,"showImageEffects":true,"showParticleSystems":true},"in2DMode":false,"pivot":{"x":129.98965454101563,"y":-1.3933675289154053,"z":239.06771850585938},"rotation":{"x":0.005789509974420071,"y":0.9940159916877747,"z":-0.08700890094041825,"w":0.06599973887205124},"size":24.972015380859376,"orthographic":false}