{"cameraMode":{"drawMode":0,"name":"Shaded","section":"Shading Mode"},"sceneLighting":false,"audioPlay":false,"sceneViewState":{"showFog":true,"showMaterialUpdate":true,"showSkybox":true,"showFlares":true,"showImageEffects":true,"showParticleSystems":true},"in2DMode":false,"pivot":{"x":598.718017578125,"y":-1033.746826171875,"z":967.1759033203125},"rotation":{"x":0.21072080731391908,"y":-0.1474585086107254,"z":0.032171521335840228,"w":0.9658298492431641},"size":3020.06494140625,"orthographic":false}