{"cameraMode":{"drawMode":0,"name":"Shaded","section":"Shading Mode"},"sceneLighting":false,"audioPlay":false,"sceneViewState":{"showFog":true,"showMaterialUpdate":true,"showSkybox":true,"showFlares":true,"showImageEffects":true,"showParticleSystems":true},"in2DMode":false,"pivot":{"x":174.51431274414063,"y":202.86734008789063,"z":1133.05029296875},"rotation":{"x":0.01999146118760109,"y":-0.880469799041748,"z":0.03727461397647858,"w":0.47222596406936648},"size":601.0654296875,"orthographic":false}