{"cameraMode":{"drawMode":0,"name":"Shaded","section":"Shading Mode"},"sceneLighting":false,"audioPlay":false,"sceneViewState":{"showFog":true,"showMaterialUpdate":true,"showSkybox":false,"showFlares":true,"showImageEffects":true,"showParticleSystems":true},"in2DMode":false,"pivot":{"x":414.072265625,"y":8.32595443725586,"z":392.16656494140627},"rotation":{"x":-0.014925070106983185,"y":-0.9770746827125549,"z":0.19939547777175904,"w":-0.07313185185194016},"size":24.75197982788086,"orthographic":false}