{"cameraMode":{"drawMode":0,"name":"Shaded","section":"Shading Mode"},"sceneLighting":false,"audioPlay":false,"sceneViewState":{"showFog":true,"showMaterialUpdate":true,"showSkybox":true,"showFlares":true,"showImageEffects":true,"showParticleSystems":true},"in2DMode":false,"pivot":{"x":427.21820068359377,"y":-173.99737548828126,"z":519.4063720703125},"rotation":{"x":-0.07697688788175583,"y":-0.9164336323738098,"z":0.21439282596111298,"w":-0.3290397524833679},"size":1398.0289306640625,"orthographic":false}