{"cameraMode":{"drawMode":0,"name":"Shaded","section":"Shading Mode"},"sceneLighting":false,"audioPlay":false,"sceneViewState":{"showFog":true,"showMaterialUpdate":true,"showSkybox":false,"showFlares":true,"showImageEffects":true,"showParticleSystems":true},"in2DMode":false,"pivot":{"x":416.9322509765625,"y":10.532449722290039,"z":397.3936767578125},"rotation":{"x":-0.037368301302194598,"y":-0.9064190983772278,"z":0.08208156377077103,"w":-0.4126443862915039},"size":14.510089874267579,"orthographic":false}