{"cameraMode":{"drawMode":0,"name":"Shaded","section":"Shading Mode"},"sceneLighting":false,"audioPlay":false,"sceneViewState":{"showFog":true,"showMaterialUpdate":true,"showSkybox":true,"showFlares":true,"showImageEffects":true,"showParticleSystems":true},"in2DMode":false,"pivot":{"x":261.09527587890627,"y":-68.31509399414063,"z":542.8585205078125},"rotation":{"x":0.18192370235919953,"y":-0.2774747610092163,"z":0.05359885096549988,"w":0.941834568977356},"size":230.0486602783203,"orthographic":false}