{"cameraMode":{"drawMode":0,"name":"Shaded","section":"Shading Mode"},"sceneLighting":false,"audioPlay":false,"sceneViewState":{"showFog":true,"showMaterialUpdate":true,"showSkybox":true,"showFlares":true,"showImageEffects":true,"showParticleSystems":true},"in2DMode":false,"pivot":{"x":223.87118530273438,"y":-1.322418212890625,"z":766.0230712890625},"rotation":{"x":0.05160200595855713,"y":-0.9397055506706238,"z":0.16402629017829896,"w":0.29562532901763918},"size":22.0,"orthographic":false}