{"cameraMode":{"drawMode":0,"name":"Shaded","section":"Shading Mode"},"sceneLighting":false,"audioPlay":false,"sceneViewState":{"showFog":true,"showMaterialUpdate":true,"showSkybox":false,"showFlares":true,"showImageEffects":true,"showParticleSystems":true},"in2DMode":false,"pivot":{"x":-1.7881393432617188e-7,"y":1.0264501571655274,"z":0.0002639293670654297},"rotation":{"x":0.23488260805606843,"y":-0.04081613942980766,"z":0.009874246083199978,"w":0.971123218536377},"size":3.93083119392395,"orthographic":false}