{"cameraMode":{"drawMode":0,"name":"Shaded","section":"Shading Mode"},"sceneLighting":false,"audioPlay":false,"sceneViewState":{"showFog":true,"showMaterialUpdate":true,"showSkybox":true,"showFlares":true,"showImageEffects":true,"showParticleSystems":true},"in2DMode":false,"pivot":{"x":350.4106750488281,"y":12.208297729492188,"z":482.53851318359377},"rotation":{"x":0.4215618669986725,"y":-0.07602838426828385,"z":0.03549803048372269,"w":0.9029168486595154},"size":213.1183319091797,"orthographic":false}