{"cameraMode":{"drawMode":0,"name":"Shaded","section":"Shading Mode"},"sceneLighting":false,"audioPlay":false,"sceneViewState":{"showFog":true,"showMaterialUpdate":true,"showSkybox":false,"showFlares":true,"showImageEffects":true,"showParticleSystems":true},"in2DMode":false,"pivot":{"x":332.999267578125,"y":201.850341796875,"z":251.6588134765625},"rotation":{"x":0.18192370235919953,"y":-0.2774747610092163,"z":0.05359885096549988,"w":0.941834568977356},"size":1048.97216796875,"orthographic":false}