{"cameraMode":{"drawMode":0,"name":"Shaded","section":"Shading Mode"},"sceneLighting":false,"audioPlay":false,"sceneViewState":{"showFog":true,"showMaterialUpdate":true,"showSkybox":false,"showFlares":true,"showImageEffects":true,"showParticleSystems":true},"in2DMode":false,"pivot":{"x":416.9322509765625,"y":10.532449722290039,"z":403.5987854003906},"rotation":{"x":-0.26944246888160708,"y":-0.11434876918792725,"z":0.03223961219191551,"w":-0.9556618332862854},"size":40.93204116821289,"orthographic":false}