{"cameraMode":{"drawMode":0,"name":"Shaded","section":"Shading Mode"},"sceneLighting":false,"audioPlay":false,"sceneViewState":{"showFog":true,"showMaterialUpdate":true,"showSkybox":true,"showFlares":true,"showImageEffects":true,"showParticleSystems":true},"in2DMode":false,"pivot":{"x":256.1169738769531,"y":-24.203933715820314,"z":607.1871337890625},"rotation":{"x":0.15142695605754853,"y":-0.8195618987083435,"z":0.2524518072605133,"w":0.49159377813339236},"size":381.54931640625,"orthographic":false}