{"cameraMode":{"drawMode":0,"name":"Shaded","section":"Shading Mode"},"sceneLighting":false,"audioPlay":false,"sceneViewState":{"showFog":true,"showMaterialUpdate":true,"showSkybox":true,"showFlares":true,"showImageEffects":true,"showParticleSystems":true},"in2DMode":false,"pivot":{"x":160.69386291503907,"y":44.98680114746094,"z":828.93115234375},"rotation":{"x":-0.26944246888160708,"y":-0.11434876918792725,"z":0.03223961219191551,"w":-0.9556618332862854},"size":22.0,"orthographic":false}