{"cameraMode":{"drawMode":0,"name":"Shaded","section":"Shading Mode"},"sceneLighting":false,"audioPlay":false,"sceneViewState":{"showFog":true,"showMaterialUpdate":true,"showSkybox":true,"showFlares":true,"showImageEffects":true,"showParticleSystems":true},"in2DMode":false,"pivot":{"x":-31.5960693359375,"y":-96.31449890136719,"z":32.18731689453125},"rotation":{"x":0.05160200595855713,"y":-0.9397055506706238,"z":0.16402629017829896,"w":0.29562532901763918},"size":740.2608642578125,"orthographic":false}