{"cameraMode":{"drawMode":0,"name":"Shaded","section":"Shading Mode"},"sceneLighting":false,"audioPlay":false,"sceneViewState":{"showFog":true,"showMaterialUpdate":true,"showSkybox":true,"showFlares":true,"showImageEffects":true,"showParticleSystems":true},"in2DMode":false,"pivot":{"x":560.5656127929688,"y":231.65478515625,"z":1281.4891357421875},"rotation":{"x":0.054282426834106448,"y":-0.005996500141918659,"z":0.00032660283613950014,"w":0.9985142350196838},"size":2511.997314453125,"orthographic":false}