{"cameraMode":{"drawMode":0,"name":"Shaded","section":"Shading Mode"},"sceneLighting":false,"audioPlay":false,"sceneViewState":{"showFog":true,"showMaterialUpdate":true,"showSkybox":true,"showFlares":true,"showImageEffects":true,"showParticleSystems":true},"in2DMode":false,"pivot":{"x":291.0862121582031,"y":2.283991813659668,"z":400.60479736328127},"rotation":{"x":-0.26944246888160708,"y":-0.11434876918792725,"z":0.03223961219191551,"w":-0.9556618332862854},"size":17.293331146240236,"orthographic":false}