{"cameraMode":{"drawMode":0,"name":"Shaded","section":"Shading Mode"},"sceneLighting":false,"audioPlay":false,"sceneViewState":{"showFog":true,"showMaterialUpdate":false,"showSkybox":false,"showFlares":true,"showImageEffects":true,"showParticleSystems":true},"in2DMode":false,"pivot":{"x":-4.4867119789123539,"y":0.5806804895401001,"z":0.637496829032898},"rotation":{"x":-0.08806974440813065,"y":0.9118912220001221,"z":-0.2883974015712738,"w":-0.2784688472747803},"size":2.3914103507995607,"orthographic":false}