{"cameraMode":{"drawMode":0,"name":"Shaded","section":"Shading Mode"},"sceneLighting":false,"audioPlay":false,"sceneViewState":{"showFog":true,"showMaterialUpdate":false,"showSkybox":false,"showFlares":true,"showImageEffects":true,"showParticleSystems":true},"in2DMode":false,"pivot":{"x":445.32855224609377,"y":1.899999976158142,"z":557.8849487304688},"rotation":{"x":0.04196872189640999,"y":-0.029969096183776857,"z":0.0012595320586115122,"w":0.998673141002655},"size":8.012340545654297,"orthographic":false}