{"cameraMode":{"drawMode":0,"name":"Shaded","section":"Shading Mode"},"sceneLighting":true,"audioPlay":false,"sceneViewState":{"showFog":true,"showMaterialUpdate":false,"showSkybox":true,"showFlares":true,"showImageEffects":true,"showParticleSystems":true},"in2DMode":false,"pivot":{"x":-187.5487060546875,"y":104.31266784667969,"z":1465.6864013671875},"rotation":{"x":-0.06471837311983109,"y":-0.9282348155975342,"z":0.19290047883987428,"w":-0.31142789125442507},"size":229.87120056152345,"orthographic":false}