{"cameraMode":{"drawMode":0,"name":"Shaded","section":"Shading Mode"},"sceneLighting":true,"audioPlay":false,"sceneViewState":{"showFog":true,"showMaterialUpdate":false,"showSkybox":true,"showFlares":true,"showImageEffects":true,"showParticleSystems":true},"in2DMode":false,"pivot":{"x":509.1431579589844,"y":115.93455505371094,"z":1006.6378784179688},"rotation":{"x":0.22550459206104279,"y":-0.5895331501960754,"z":0.17599615454673768,"w":0.7554129958152771},"size":229.80935668945313,"orthographic":false}