{"cameraMode":{"drawMode":0,"name":"Shaded","section":"Shading Mode"},"sceneLighting":true,"audioPlay":false,"sceneViewState":{"showFog":true,"showMaterialUpdate":false,"showSkybox":false,"showFlares":true,"showImageEffects":true,"showParticleSystems":true},"in2DMode":false,"pivot":{"x":482.0,"y":114.30000305175781,"z":202.41860961914063},"rotation":{"x":0.3183172643184662,"y":0.26524001359939577,"z":-0.0932592824101448,"w":0.9053319096565247},"size":1950.374755859375,"orthographic":false}