{"cameraMode":{"drawMode":0,"name":"Shaded","section":"Shading Mode"},"sceneLighting":true,"audioPlay":false,"sceneViewState":{"showFog":true,"showMaterialUpdate":false,"showSkybox":true,"showFlares":true,"showImageEffects":true,"showParticleSystems":true},"in2DMode":false,"pivot":{"x":560.635986328125,"y":200.80960083007813,"z":122.84783935546875},"rotation":{"x":-0.11551520973443985,"y":-0.024733662605285646,"z":0.0028772319201380016,"w":-0.9929950833320618},"size":685.0119018554688,"orthographic":false}