{"cameraMode":{"drawMode":0,"name":"Shaded","section":"Shading Mode"},"sceneLighting":true,"audioPlay":false,"sceneViewState":{"showFog":true,"showMaterialUpdate":false,"showSkybox":true,"showFlares":true,"showImageEffects":true,"showParticleSystems":true},"in2DMode":false,"pivot":{"x":454.56201171875,"y":-69.2017822265625,"z":369.92205810546877},"rotation":{"x":0.31272512674331667,"y":0.44966399669647219,"z":-0.1717281937599182,"w":0.8188582062721252},"size":2948.919677734375,"orthographic":false}