{"cameraMode":{"drawMode":0,"name":"Shaded","section":"Shading Mode"},"sceneLighting":true,"audioPlay":false,"sceneViewState":{"showFog":true,"showMaterialUpdate":false,"showSkybox":false,"showFlares":true,"showImageEffects":true,"showParticleSystems":true},"in2DMode":false,"pivot":{"x":647.9070434570313,"y":5.8347039222717289,"z":92.85786437988281},"rotation":{"x":-0.08748845010995865,"y":-0.637437641620636,"z":0.07319200038909912,"w":-0.7620600461959839},"size":7.723957061767578,"orthographic":false}