{"cameraMode":{"drawMode":0,"name":"Shaded","section":"Shading Mode"},"sceneLighting":true,"audioPlay":false,"sceneViewState":{"showFog":true,"showMaterialUpdate":false,"showSkybox":true,"showFlares":true,"showImageEffects":true,"showParticleSystems":true},"in2DMode":false,"pivot":{"x":66.73614501953125,"y":-170.74769592285157,"z":804.4631958007813},"rotation":{"x":0.1598641276359558,"y":-0.4725494682788849,"z":0.08759799599647522,"w":0.8622797131538391},"size":548.6301879882813,"orthographic":false}