{"cameraMode":{"drawMode":0,"name":"Shaded","section":"Shading Mode"},"sceneLighting":true,"audioPlay":false,"sceneViewState":{"showFog":true,"showMaterialUpdate":false,"showSkybox":true,"showFlares":true,"showImageEffects":true,"showParticleSystems":true},"in2DMode":false,"pivot":{"x":468.6403503417969,"y":115.74430847167969,"z":644.2224731445313},"rotation":{"x":0.11981403827667237,"y":-0.8658591508865356,"z":0.24861213564872743,"w":0.4173118472099304},"size":184.99285888671876,"orthographic":false}